-- phpMyAdmin SQL Dump
-- version 4.5.4.1
-- http://www.phpmyadmin.net
--
-- Client :  localhost
-- Généré le :  Dim 29 Mars 2026 à 12:01
-- Version du serveur :  5.7.11
-- Version de PHP :  5.6.18

SET SQL_MODE = "NO_AUTO_VALUE_ON_ZERO";
SET time_zone = "+00:00";


/*!40101 SET @OLD_CHARACTER_SET_CLIENT=@@CHARACTER_SET_CLIENT */;
/*!40101 SET @OLD_CHARACTER_SET_RESULTS=@@CHARACTER_SET_RESULTS */;
/*!40101 SET @OLD_COLLATION_CONNECTION=@@COLLATION_CONNECTION */;
/*!40101 SET NAMES utf8mb4 */;

--
-- Base de données :  `powerhome`
--

-- --------------------------------------------------------

--
-- Structure de la table `appliance`
--

CREATE TABLE `appliance` (
  `id` int(11) NOT NULL,
  `name` varchar(100) NOT NULL,
  `reference` varchar(100) DEFAULT NULL,
  `wattage` int(11) NOT NULL,
  `habitat_id` int(11) DEFAULT NULL
) ENGINE=InnoDB DEFAULT CHARSET=latin1;

--
-- Contenu de la table `appliance`
--

INSERT INTO `appliance` (`id`, `name`, `reference`, `wattage`, `habitat_id`) VALUES
(1, 'Machine à laver', 'WM-001', 2000, 1),
(2, 'Aspirateur', 'DW-002', 1800, 1),
(3, 'Climatiseur', 'HT-003', 2500, 2),
(4, 'Machine à laver', 'WM-100', 2000, 3),
(5, 'Aspirateur', 'ASP-101', 1800, 3),
(6, 'Climatiseur', 'CLIM-200', 2500, 4),
(7, 'Aspirateur', 'ASP-201', 1700, 4),
(8, 'Machine à laver', 'WM-202', 2100, 4),
(9, 'Climatiseur', 'CLIM-300', 2600, 5),
(10, 'Machine à laver', 'WM-400', 2000, 6),
(11, 'Aspirateur', 'ASP-401', 1800, 6),
(12, 'Climatiseur', 'CLIM-402', 2400, 6),
(13, 'Machine à laver', 'WM-403', 1900, 6),
(14, 'Aspirateur', 'ASP-500', 1600, 7),
(15, 'Climatiseur', 'CLIM-600', 2700, 8),
(16, 'Machine à laver', 'WM-601', 2000, 8),
(17, 'Machine à laver', 'WM-700', 2100, 9),
(18, 'Aspirateur', 'ASP-701', 1700, 9),
(19, 'Climatiseur', 'CLIM-702', 2600, 9);

-- --------------------------------------------------------

--
-- Structure de la table `booking`
--

CREATE TABLE `booking` (
  `id` int(11) NOT NULL,
  `user_id` int(11) NOT NULL,
  `appliance_id` int(11) NOT NULL,
  `timeslot_id` int(11) NOT NULL,
  `bookedAt` datetime DEFAULT CURRENT_TIMESTAMP
) ENGINE=InnoDB DEFAULT CHARSET=utf8mb4;

--
-- Contenu de la table `booking`
--

INSERT INTO `booking` (`id`, `user_id`, `appliance_id`, `timeslot_id`, `bookedAt`) VALUES
(1, 1, 1, 1, '2026-04-01 08:00:00'),
(2, 1, 1, 2, '2026-04-02 08:30:00'),
(3, 1, 1, 3, '2026-04-03 09:00:00'),
(4, 1, 1, 10, '2026-04-10 12:00:00'),
(5, 1, 2, 10, '2026-04-10 12:15:00'),
(6, 1, 1, 11, '2026-04-11 12:00:00'),
(7, 1, 2, 11, '2026-04-11 12:15:00'),
(8, 1, 3, 20, '2026-04-20 19:00:00'),
(9, 1, 2, 20, '2026-04-20 19:30:00'),
(10, 1, 3, 21, '2026-04-21 19:00:00'),
(11, 1, 2, 21, '2026-04-21 19:30:00'),
(12, 1, 1, 201, '2026-03-28 13:31:49'),
(13, 1, 3, 205, '2026-03-28 13:31:49'),
(14, 1, 2, 210, '2026-03-28 13:31:49'),
(15, 1, 1, 215, '2026-03-28 13:31:49');

-- --------------------------------------------------------

--
-- Structure de la table `habitat`
--

CREATE TABLE `habitat` (
  `id` int(11) NOT NULL,
  `floor` int(11) NOT NULL,
  `area` double NOT NULL,
  `user_id` int(11) DEFAULT NULL
) ENGINE=InnoDB DEFAULT CHARSET=latin1;

--
-- Contenu de la table `habitat`
--

INSERT INTO `habitat` (`id`, `floor`, `area`, `user_id`) VALUES
(1, 2, 85.5, 1),
(2, 5, 120, 2),
(3, 1, 60, 3),
(4, 2, 75.5, 4),
(5, 3, 90, 5),
(6, 4, 110, 6),
(7, 5, 130, 7),
(8, 6, 150, 8),
(9, 7, 200, 9);

-- --------------------------------------------------------

--
-- Structure de la table `resident`
--

CREATE TABLE `resident` (
  `id` int(11) NOT NULL,
  `firstname` varchar(100) NOT NULL,
  `lastname` varchar(100) NOT NULL,
  `email` varchar(150) NOT NULL,
  `password` varchar(255) NOT NULL,
  `eco_score` int(11) DEFAULT '0'
) ENGINE=InnoDB DEFAULT CHARSET=latin1;

--
-- Contenu de la table `resident`
--

INSERT INTO `resident` (`id`, `firstname`, `lastname`, `email`, `password`, `eco_score`) VALUES
(1, 'Moussa', 'WAGUE', 'moussa', '1234', 0),
(2, 'Bob', 'Martin', 'bob@mail.com', '1234', 0),
(3, 'Alice', 'Dupont', 'alice2@mail.com', '1234', 0),
(4, 'Bob', 'Martin', 'bob2@mail.com', '1234', 0),
(5, 'Charlie', 'Bernard', 'charlie@mail.com', '1234', 0),
(6, 'Diane', 'Morel', 'diane@mail.com', '1234', 0),
(7, 'Eric', 'Petit', 'eric@mail.com', '1234', 0),
(8, 'Fatima', 'Leroy', 'fatima@mail.com', '1234', 0),
(9, 'Gabriel', 'Roux', 'gabriel@mail.com', '1234', 0);

-- --------------------------------------------------------

--
-- Structure de la table `timeslot`
--

CREATE TABLE `timeslot` (
  `id` int(11) NOT NULL,
  `begin` datetime NOT NULL,
  `end` datetime NOT NULL,
  `maxWattage` int(11) NOT NULL,
  `currentWattage` int(11) DEFAULT '0'
) ENGINE=InnoDB DEFAULT CHARSET=utf8mb4;

--
-- Contenu de la table `timeslot`
--

INSERT INTO `timeslot` (`id`, `begin`, `end`, `maxWattage`, `currentWattage`) VALUES
(1, '2026-04-01 06:00:00', '2026-04-01 08:00:00', 3000, 0),
(2, '2026-04-02 06:00:00', '2026-04-02 08:00:00', 3000, 0),
(3, '2026-04-03 06:00:00', '2026-04-03 08:00:00', 3000, 0),
(4, '2026-04-04 06:00:00', '2026-04-04 08:00:00', 3000, 0),
(5, '2026-04-05 06:00:00', '2026-04-05 08:00:00', 3000, 0),
(6, '2026-04-06 06:00:00', '2026-04-06 08:00:00', 3000, 0),
(7, '2026-04-07 06:00:00', '2026-04-07 08:00:00', 3000, 0),
(8, '2026-04-08 06:00:00', '2026-04-08 08:00:00', 3000, 0),
(9, '2026-04-09 06:00:00', '2026-04-09 08:00:00', 3000, 0),
(10, '2026-04-10 06:00:00', '2026-04-10 08:00:00', 3000, 0),
(11, '2026-04-11 06:00:00', '2026-04-11 08:00:00', 3000, 0),
(12, '2026-04-12 06:00:00', '2026-04-12 08:00:00', 3000, 0),
(13, '2026-04-13 06:00:00', '2026-04-13 08:00:00', 3000, 0),
(14, '2026-04-14 06:00:00', '2026-04-14 08:00:00', 3000, 0),
(15, '2026-04-15 06:00:00', '2026-04-15 08:00:00', 3000, 0),
(16, '2026-04-16 06:00:00', '2026-04-16 08:00:00', 3000, 0),
(17, '2026-04-17 06:00:00', '2026-04-17 08:00:00', 3000, 0),
(18, '2026-04-18 06:00:00', '2026-04-18 08:00:00', 3000, 0),
(19, '2026-04-19 06:00:00', '2026-04-19 08:00:00', 3000, 0),
(20, '2026-04-20 06:00:00', '2026-04-20 08:00:00', 3000, 0),
(21, '2026-04-21 06:00:00', '2026-04-21 08:00:00', 3000, 0),
(22, '2026-04-22 06:00:00', '2026-04-22 08:00:00', 3000, 0),
(23, '2026-04-23 06:00:00', '2026-04-23 08:00:00', 3000, 0),
(24, '2026-04-24 06:00:00', '2026-04-24 08:00:00', 3000, 0),
(25, '2026-04-25 06:00:00', '2026-04-25 08:00:00', 3000, 0),
(26, '2026-04-26 06:00:00', '2026-04-26 08:00:00', 3000, 0),
(27, '2026-04-27 06:00:00', '2026-04-27 08:00:00', 3000, 0),
(28, '2026-04-28 06:00:00', '2026-04-28 08:00:00', 3000, 0),
(29, '2026-04-29 06:00:00', '2026-04-29 08:00:00', 3000, 0),
(30, '2026-04-30 06:00:00', '2026-04-30 08:00:00', 3000, 0),
(31, '2026-04-01 08:00:00', '2026-04-01 10:00:00', 4000, 0),
(32, '2026-04-02 08:00:00', '2026-04-02 10:00:00', 4000, 0),
(33, '2026-04-03 08:00:00', '2026-04-03 10:00:00', 4000, 0),
(34, '2026-04-04 08:00:00', '2026-04-04 10:00:00', 4000, 0),
(35, '2026-04-05 08:00:00', '2026-04-05 10:00:00', 4000, 0),
(36, '2026-04-06 08:00:00', '2026-04-06 10:00:00', 4000, 0),
(37, '2026-04-07 08:00:00', '2026-04-07 10:00:00', 4000, 0),
(38, '2026-04-08 08:00:00', '2026-04-08 10:00:00', 4000, 0),
(39, '2026-04-09 08:00:00', '2026-04-09 10:00:00', 4000, 0),
(40, '2026-04-10 08:00:00', '2026-04-10 10:00:00', 4000, 0),
(41, '2026-04-11 08:00:00', '2026-04-11 10:00:00', 4000, 0),
(42, '2026-04-12 08:00:00', '2026-04-12 10:00:00', 4000, 0),
(43, '2026-04-13 08:00:00', '2026-04-13 10:00:00', 4000, 0),
(44, '2026-04-14 08:00:00', '2026-04-14 10:00:00', 4000, 0),
(45, '2026-04-15 08:00:00', '2026-04-15 10:00:00', 4000, 0),
(46, '2026-04-16 08:00:00', '2026-04-16 10:00:00', 4000, 0),
(47, '2026-04-17 08:00:00', '2026-04-17 10:00:00', 4000, 0),
(48, '2026-04-18 08:00:00', '2026-04-18 10:00:00', 4000, 0),
(49, '2026-04-19 08:00:00', '2026-04-19 10:00:00', 4000, 0),
(50, '2026-04-20 08:00:00', '2026-04-20 10:00:00', 4000, 0),
(51, '2026-04-21 08:00:00', '2026-04-21 10:00:00', 4000, 0),
(52, '2026-04-22 08:00:00', '2026-04-22 10:00:00', 4000, 0),
(53, '2026-04-23 08:00:00', '2026-04-23 10:00:00', 4000, 0),
(54, '2026-04-24 08:00:00', '2026-04-24 10:00:00', 4000, 0),
(55, '2026-04-25 08:00:00', '2026-04-25 10:00:00', 4000, 0),
(56, '2026-04-26 08:00:00', '2026-04-26 10:00:00', 4000, 0),
(57, '2026-04-27 08:00:00', '2026-04-27 10:00:00', 4000, 0),
(58, '2026-04-28 08:00:00', '2026-04-28 10:00:00', 4000, 0),
(59, '2026-04-29 08:00:00', '2026-04-29 10:00:00', 4000, 0),
(60, '2026-04-30 08:00:00', '2026-04-30 10:00:00', 4000, 0),
(61, '2026-04-01 10:00:00', '2026-04-01 12:00:00', 5000, 0),
(62, '2026-04-02 10:00:00', '2026-04-02 12:00:00', 5000, 0),
(63, '2026-04-03 10:00:00', '2026-04-03 12:00:00', 5000, 0),
(64, '2026-04-04 10:00:00', '2026-04-04 12:00:00', 5000, 0),
(65, '2026-04-05 10:00:00', '2026-04-05 12:00:00', 5000, 0),
(66, '2026-04-06 10:00:00', '2026-04-06 12:00:00', 5000, 0),
(67, '2026-04-07 10:00:00', '2026-04-07 12:00:00', 5000, 0),
(68, '2026-04-08 10:00:00', '2026-04-08 12:00:00', 5000, 0),
(69, '2026-04-09 10:00:00', '2026-04-09 12:00:00', 5000, 0),
(70, '2026-04-10 10:00:00', '2026-04-10 12:00:00', 5000, 0),
(71, '2026-04-11 10:00:00', '2026-04-11 12:00:00', 5000, 0),
(72, '2026-04-12 10:00:00', '2026-04-12 12:00:00', 5000, 0),
(73, '2026-04-13 10:00:00', '2026-04-13 12:00:00', 5000, 0),
(74, '2026-04-14 10:00:00', '2026-04-14 12:00:00', 5000, 0),
(75, '2026-04-15 10:00:00', '2026-04-15 12:00:00', 5000, 0),
(76, '2026-04-16 10:00:00', '2026-04-16 12:00:00', 5000, 0),
(77, '2026-04-17 10:00:00', '2026-04-17 12:00:00', 5000, 0),
(78, '2026-04-18 10:00:00', '2026-04-18 12:00:00', 5000, 0),
(79, '2026-04-19 10:00:00', '2026-04-19 12:00:00', 5000, 0),
(80, '2026-04-20 10:00:00', '2026-04-20 12:00:00', 5000, 0),
(81, '2026-04-21 10:00:00', '2026-04-21 12:00:00', 5000, 0),
(82, '2026-04-22 10:00:00', '2026-04-22 12:00:00', 5000, 0),
(83, '2026-04-23 10:00:00', '2026-04-23 12:00:00', 5000, 0),
(84, '2026-04-24 10:00:00', '2026-04-24 12:00:00', 5000, 0),
(85, '2026-04-25 10:00:00', '2026-04-25 12:00:00', 5000, 0),
(86, '2026-04-26 10:00:00', '2026-04-26 12:00:00', 5000, 0),
(87, '2026-04-27 10:00:00', '2026-04-27 12:00:00', 5000, 0),
(88, '2026-04-28 10:00:00', '2026-04-28 12:00:00', 5000, 0),
(89, '2026-04-29 10:00:00', '2026-04-29 12:00:00', 5000, 0),
(90, '2026-04-30 10:00:00', '2026-04-30 12:00:00', 5000, 0),
(91, '2026-04-01 12:00:00', '2026-04-01 14:00:00', 6000, 0),
(92, '2026-04-02 12:00:00', '2026-04-02 14:00:00', 6000, 0),
(93, '2026-04-03 12:00:00', '2026-04-03 14:00:00', 6000, 0),
(94, '2026-04-04 12:00:00', '2026-04-04 14:00:00', 6000, 0),
(95, '2026-04-05 12:00:00', '2026-04-05 14:00:00', 6000, 0),
(96, '2026-04-06 12:00:00', '2026-04-06 14:00:00', 6000, 0),
(97, '2026-04-07 12:00:00', '2026-04-07 14:00:00', 6000, 0),
(98, '2026-04-08 12:00:00', '2026-04-08 14:00:00', 6000, 0),
(99, '2026-04-09 12:00:00', '2026-04-09 14:00:00', 6000, 0),
(100, '2026-04-10 12:00:00', '2026-04-10 14:00:00', 6000, 0),
(101, '2026-04-11 12:00:00', '2026-04-11 14:00:00', 6000, 0),
(102, '2026-04-12 12:00:00', '2026-04-12 14:00:00', 6000, 0),
(103, '2026-04-13 12:00:00', '2026-04-13 14:00:00', 6000, 0),
(104, '2026-04-14 12:00:00', '2026-04-14 14:00:00', 6000, 0),
(105, '2026-04-15 12:00:00', '2026-04-15 14:00:00', 6000, 0),
(106, '2026-04-16 12:00:00', '2026-04-16 14:00:00', 6000, 0),
(107, '2026-04-17 12:00:00', '2026-04-17 14:00:00', 6000, 0),
(108, '2026-04-18 12:00:00', '2026-04-18 14:00:00', 6000, 0),
(109, '2026-04-19 12:00:00', '2026-04-19 14:00:00', 6000, 0),
(110, '2026-04-20 12:00:00', '2026-04-20 14:00:00', 6000, 0),
(111, '2026-04-21 12:00:00', '2026-04-21 14:00:00', 6000, 0),
(112, '2026-04-22 12:00:00', '2026-04-22 14:00:00', 6000, 0),
(113, '2026-04-23 12:00:00', '2026-04-23 14:00:00', 6000, 0),
(114, '2026-04-24 12:00:00', '2026-04-24 14:00:00', 6000, 0),
(115, '2026-04-25 12:00:00', '2026-04-25 14:00:00', 6000, 0),
(116, '2026-04-26 12:00:00', '2026-04-26 14:00:00', 6000, 0),
(117, '2026-04-27 12:00:00', '2026-04-27 14:00:00', 6000, 0),
(118, '2026-04-28 12:00:00', '2026-04-28 14:00:00', 6000, 0),
(119, '2026-04-29 12:00:00', '2026-04-29 14:00:00', 6000, 0),
(120, '2026-04-30 12:00:00', '2026-04-30 14:00:00', 6000, 0),
(121, '2026-04-01 14:00:00', '2026-04-01 16:00:00', 5000, 0),
(122, '2026-04-02 14:00:00', '2026-04-02 16:00:00', 5000, 0),
(123, '2026-04-03 14:00:00', '2026-04-03 16:00:00', 5000, 0),
(124, '2026-04-04 14:00:00', '2026-04-04 16:00:00', 5000, 0),
(125, '2026-04-05 14:00:00', '2026-04-05 16:00:00', 5000, 0),
(126, '2026-04-06 14:00:00', '2026-04-06 16:00:00', 5000, 0),
(127, '2026-04-07 14:00:00', '2026-04-07 16:00:00', 5000, 0),
(128, '2026-04-08 14:00:00', '2026-04-08 16:00:00', 5000, 0),
(129, '2026-04-09 14:00:00', '2026-04-09 16:00:00', 5000, 0),
(130, '2026-04-10 14:00:00', '2026-04-10 16:00:00', 5000, 0),
(131, '2026-04-11 14:00:00', '2026-04-11 16:00:00', 5000, 0),
(132, '2026-04-12 14:00:00', '2026-04-12 16:00:00', 5000, 0),
(133, '2026-04-13 14:00:00', '2026-04-13 16:00:00', 5000, 0),
(134, '2026-04-14 14:00:00', '2026-04-14 16:00:00', 5000, 0),
(135, '2026-04-15 14:00:00', '2026-04-15 16:00:00', 5000, 0),
(136, '2026-04-16 14:00:00', '2026-04-16 16:00:00', 5000, 0),
(137, '2026-04-17 14:00:00', '2026-04-17 16:00:00', 5000, 0),
(138, '2026-04-18 14:00:00', '2026-04-18 16:00:00', 5000, 0),
(139, '2026-04-19 14:00:00', '2026-04-19 16:00:00', 5000, 0),
(140, '2026-04-20 14:00:00', '2026-04-20 16:00:00', 5000, 0),
(141, '2026-04-21 14:00:00', '2026-04-21 16:00:00', 5000, 0),
(142, '2026-04-22 14:00:00', '2026-04-22 16:00:00', 5000, 0),
(143, '2026-04-23 14:00:00', '2026-04-23 16:00:00', 5000, 0),
(144, '2026-04-24 14:00:00', '2026-04-24 16:00:00', 5000, 0),
(145, '2026-04-25 14:00:00', '2026-04-25 16:00:00', 5000, 0),
(146, '2026-04-26 14:00:00', '2026-04-26 16:00:00', 5000, 0),
(147, '2026-04-27 14:00:00', '2026-04-27 16:00:00', 5000, 0),
(148, '2026-04-28 14:00:00', '2026-04-28 16:00:00', 5000, 0),
(149, '2026-04-29 14:00:00', '2026-04-29 16:00:00', 5000, 0),
(150, '2026-04-30 14:00:00', '2026-04-30 16:00:00', 5000, 0),
(151, '2026-04-01 16:00:00', '2026-04-01 18:00:00', 4000, 0),
(152, '2026-04-02 16:00:00', '2026-04-02 18:00:00', 4000, 0),
(153, '2026-04-03 16:00:00', '2026-04-03 18:00:00', 4000, 0),
(154, '2026-04-04 16:00:00', '2026-04-04 18:00:00', 4000, 0),
(155, '2026-04-05 16:00:00', '2026-04-05 18:00:00', 4000, 0),
(156, '2026-04-06 16:00:00', '2026-04-06 18:00:00', 4000, 0),
(157, '2026-04-07 16:00:00', '2026-04-07 18:00:00', 4000, 0),
(158, '2026-04-08 16:00:00', '2026-04-08 18:00:00', 4000, 0),
(159, '2026-04-09 16:00:00', '2026-04-09 18:00:00', 4000, 0),
(160, '2026-04-10 16:00:00', '2026-04-10 18:00:00', 4000, 0),
(161, '2026-04-11 16:00:00', '2026-04-11 18:00:00', 4000, 0),
(162, '2026-04-12 16:00:00', '2026-04-12 18:00:00', 4000, 0),
(163, '2026-04-13 16:00:00', '2026-04-13 18:00:00', 4000, 0),
(164, '2026-04-14 16:00:00', '2026-04-14 18:00:00', 4000, 0),
(165, '2026-04-15 16:00:00', '2026-04-15 18:00:00', 4000, 0),
(166, '2026-04-16 16:00:00', '2026-04-16 18:00:00', 4000, 0),
(167, '2026-04-17 16:00:00', '2026-04-17 18:00:00', 4000, 0),
(168, '2026-04-18 16:00:00', '2026-04-18 18:00:00', 4000, 0),
(169, '2026-04-19 16:00:00', '2026-04-19 18:00:00', 4000, 0),
(170, '2026-04-20 16:00:00', '2026-04-20 18:00:00', 4000, 0),
(171, '2026-04-21 16:00:00', '2026-04-21 18:00:00', 4000, 0),
(172, '2026-04-22 16:00:00', '2026-04-22 18:00:00', 4000, 0),
(173, '2026-04-23 16:00:00', '2026-04-23 18:00:00', 4000, 0),
(174, '2026-04-24 16:00:00', '2026-04-24 18:00:00', 4000, 0),
(175, '2026-04-25 16:00:00', '2026-04-25 18:00:00', 4000, 0),
(176, '2026-04-26 16:00:00', '2026-04-26 18:00:00', 4000, 0),
(177, '2026-04-27 16:00:00', '2026-04-27 18:00:00', 4000, 0),
(178, '2026-04-28 16:00:00', '2026-04-28 18:00:00', 4000, 0),
(179, '2026-04-29 16:00:00', '2026-04-29 18:00:00', 4000, 0),
(180, '2026-04-30 16:00:00', '2026-04-30 18:00:00', 4000, 0),
(181, '2026-04-01 18:00:00', '2026-04-01 20:00:00', 6000, 0),
(182, '2026-04-02 18:00:00', '2026-04-02 20:00:00', 6000, 0),
(183, '2026-04-03 18:00:00', '2026-04-03 20:00:00', 6000, 0),
(184, '2026-04-04 18:00:00', '2026-04-04 20:00:00', 6000, 0),
(185, '2026-04-05 18:00:00', '2026-04-05 20:00:00', 6000, 0),
(186, '2026-04-06 18:00:00', '2026-04-06 20:00:00', 6000, 0),
(187, '2026-04-07 18:00:00', '2026-04-07 20:00:00', 6000, 0),
(188, '2026-04-08 18:00:00', '2026-04-08 20:00:00', 6000, 0),
(189, '2026-04-09 18:00:00', '2026-04-09 20:00:00', 6000, 0),
(190, '2026-04-10 18:00:00', '2026-04-10 20:00:00', 6000, 0),
(191, '2026-04-11 18:00:00', '2026-04-11 20:00:00', 6000, 0),
(192, '2026-04-12 18:00:00', '2026-04-12 20:00:00', 6000, 0),
(193, '2026-04-13 18:00:00', '2026-04-13 20:00:00', 6000, 0),
(194, '2026-04-14 18:00:00', '2026-04-14 20:00:00', 6000, 0),
(195, '2026-04-15 18:00:00', '2026-04-15 20:00:00', 6000, 0),
(196, '2026-04-16 18:00:00', '2026-04-16 20:00:00', 6000, 0),
(197, '2026-04-17 18:00:00', '2026-04-17 20:00:00', 6000, 0),
(198, '2026-04-18 18:00:00', '2026-04-18 20:00:00', 6000, 0),
(199, '2026-04-19 18:00:00', '2026-04-19 20:00:00', 6000, 0),
(200, '2026-04-20 18:00:00', '2026-04-20 20:00:00', 6000, 0),
(201, '2026-04-21 18:00:00', '2026-04-21 20:00:00', 6000, 0),
(202, '2026-04-22 18:00:00', '2026-04-22 20:00:00', 6000, 0),
(203, '2026-04-23 18:00:00', '2026-04-23 20:00:00', 6000, 0),
(204, '2026-04-24 18:00:00', '2026-04-24 20:00:00', 6000, 0),
(205, '2026-04-25 18:00:00', '2026-04-25 20:00:00', 6000, 0),
(206, '2026-04-26 18:00:00', '2026-04-26 20:00:00', 6000, 0),
(207, '2026-04-27 18:00:00', '2026-04-27 20:00:00', 6000, 0),
(208, '2026-04-28 18:00:00', '2026-04-28 20:00:00', 6000, 0),
(209, '2026-04-29 18:00:00', '2026-04-29 20:00:00', 6000, 0),
(210, '2026-04-30 18:00:00', '2026-04-30 20:00:00', 6000, 0),
(211, '2026-04-01 20:00:00', '2026-04-01 22:00:00', 5000, 0),
(212, '2026-04-02 20:00:00', '2026-04-02 22:00:00', 5000, 0),
(213, '2026-04-03 20:00:00', '2026-04-03 22:00:00', 5000, 0),
(214, '2026-04-04 20:00:00', '2026-04-04 22:00:00', 5000, 0),
(215, '2026-04-05 20:00:00', '2026-04-05 22:00:00', 5000, 0),
(216, '2026-04-06 20:00:00', '2026-04-06 22:00:00', 5000, 0),
(217, '2026-04-07 20:00:00', '2026-04-07 22:00:00', 5000, 0),
(218, '2026-04-08 20:00:00', '2026-04-08 22:00:00', 5000, 0),
(219, '2026-04-09 20:00:00', '2026-04-09 22:00:00', 5000, 0),
(220, '2026-04-10 20:00:00', '2026-04-10 22:00:00', 5000, 0),
(221, '2026-04-11 20:00:00', '2026-04-11 22:00:00', 5000, 0),
(222, '2026-04-12 20:00:00', '2026-04-12 22:00:00', 5000, 0),
(223, '2026-04-13 20:00:00', '2026-04-13 22:00:00', 5000, 0),
(224, '2026-04-14 20:00:00', '2026-04-14 22:00:00', 5000, 0),
(225, '2026-04-15 20:00:00', '2026-04-15 22:00:00', 5000, 0),
(226, '2026-04-16 20:00:00', '2026-04-16 22:00:00', 5000, 0),
(227, '2026-04-17 20:00:00', '2026-04-17 22:00:00', 5000, 0),
(228, '2026-04-18 20:00:00', '2026-04-18 22:00:00', 5000, 0),
(229, '2026-04-19 20:00:00', '2026-04-19 22:00:00', 5000, 0),
(230, '2026-04-20 20:00:00', '2026-04-20 22:00:00', 5000, 0),
(231, '2026-04-21 20:00:00', '2026-04-21 22:00:00', 5000, 0),
(232, '2026-04-22 20:00:00', '2026-04-22 22:00:00', 5000, 0),
(233, '2026-04-23 20:00:00', '2026-04-23 22:00:00', 5000, 0),
(234, '2026-04-24 20:00:00', '2026-04-24 22:00:00', 5000, 0),
(235, '2026-04-25 20:00:00', '2026-04-25 22:00:00', 5000, 0),
(236, '2026-04-26 20:00:00', '2026-04-26 22:00:00', 5000, 0),
(237, '2026-04-27 20:00:00', '2026-04-27 22:00:00', 5000, 0),
(238, '2026-04-28 20:00:00', '2026-04-28 22:00:00', 5000, 0),
(239, '2026-04-29 20:00:00', '2026-04-29 22:00:00', 5000, 0),
(240, '2026-04-30 20:00:00', '2026-04-30 22:00:00', 5000, 0),
(241, '2026-04-01 22:00:00', '2026-04-02 00:00:00', 3000, 0),
(242, '2026-04-02 22:00:00', '2026-04-03 00:00:00', 3000, 0),
(243, '2026-04-03 22:00:00', '2026-04-04 00:00:00', 3000, 0),
(244, '2026-04-04 22:00:00', '2026-04-05 00:00:00', 3000, 0),
(245, '2026-04-05 22:00:00', '2026-04-06 00:00:00', 3000, 0),
(246, '2026-04-06 22:00:00', '2026-04-07 00:00:00', 3000, 0),
(247, '2026-04-07 22:00:00', '2026-04-08 00:00:00', 3000, 0),
(248, '2026-04-08 22:00:00', '2026-04-09 00:00:00', 3000, 0),
(249, '2026-04-09 22:00:00', '2026-04-10 00:00:00', 3000, 0),
(250, '2026-04-10 22:00:00', '2026-04-11 00:00:00', 3000, 0),
(251, '2026-04-11 22:00:00', '2026-04-12 00:00:00', 3000, 0),
(252, '2026-04-12 22:00:00', '2026-04-13 00:00:00', 3000, 0),
(253, '2026-04-13 22:00:00', '2026-04-14 00:00:00', 3000, 0),
(254, '2026-04-14 22:00:00', '2026-04-15 00:00:00', 3000, 0),
(255, '2026-04-15 22:00:00', '2026-04-16 00:00:00', 3000, 0),
(256, '2026-04-16 22:00:00', '2026-04-17 00:00:00', 3000, 0),
(257, '2026-04-17 22:00:00', '2026-04-18 00:00:00', 3000, 0),
(258, '2026-04-18 22:00:00', '2026-04-19 00:00:00', 3000, 0),
(259, '2026-04-19 22:00:00', '2026-04-20 00:00:00', 3000, 0),
(260, '2026-04-20 22:00:00', '2026-04-21 00:00:00', 3000, 0),
(261, '2026-04-21 22:00:00', '2026-04-22 00:00:00', 3000, 0),
(262, '2026-04-22 22:00:00', '2026-04-23 00:00:00', 3000, 0),
(263, '2026-04-23 22:00:00', '2026-04-24 00:00:00', 3000, 0),
(264, '2026-04-24 22:00:00', '2026-04-25 00:00:00', 3000, 0),
(265, '2026-04-25 22:00:00', '2026-04-26 00:00:00', 3000, 0),
(266, '2026-04-26 22:00:00', '2026-04-27 00:00:00', 3000, 0),
(267, '2026-04-27 22:00:00', '2026-04-28 00:00:00', 3000, 0),
(268, '2026-04-28 22:00:00', '2026-04-29 00:00:00', 3000, 0),
(269, '2026-04-29 22:00:00', '2026-04-30 00:00:00', 3000, 0),
(270, '2026-04-30 22:00:00', '2026-05-01 00:00:00', 3000, 0);

--
-- Index pour les tables exportées
--

--
-- Index pour la table `appliance`
--
ALTER TABLE `appliance`
  ADD PRIMARY KEY (`id`),
  ADD KEY `habitat_id` (`habitat_id`);

--
-- Index pour la table `booking`
--
ALTER TABLE `booking`
  ADD PRIMARY KEY (`id`),
  ADD KEY `user_id` (`user_id`),
  ADD KEY `appliance_id` (`appliance_id`),
  ADD KEY `timeslot_id` (`timeslot_id`);

--
-- Index pour la table `habitat`
--
ALTER TABLE `habitat`
  ADD PRIMARY KEY (`id`),
  ADD UNIQUE KEY `user_id` (`user_id`);

--
-- Index pour la table `resident`
--
ALTER TABLE `resident`
  ADD PRIMARY KEY (`id`),
  ADD UNIQUE KEY `email` (`email`);

--
-- Index pour la table `timeslot`
--
ALTER TABLE `timeslot`
  ADD PRIMARY KEY (`id`);

--
-- AUTO_INCREMENT pour les tables exportées
--

--
-- AUTO_INCREMENT pour la table `appliance`
--
ALTER TABLE `appliance`
  MODIFY `id` int(11) NOT NULL AUTO_INCREMENT, AUTO_INCREMENT=20;
--
-- AUTO_INCREMENT pour la table `booking`
--
ALTER TABLE `booking`
  MODIFY `id` int(11) NOT NULL AUTO_INCREMENT, AUTO_INCREMENT=16;
--
-- AUTO_INCREMENT pour la table `habitat`
--
ALTER TABLE `habitat`
  MODIFY `id` int(11) NOT NULL AUTO_INCREMENT, AUTO_INCREMENT=10;
--
-- AUTO_INCREMENT pour la table `resident`
--
ALTER TABLE `resident`
  MODIFY `id` int(11) NOT NULL AUTO_INCREMENT, AUTO_INCREMENT=10;
--
-- AUTO_INCREMENT pour la table `timeslot`
--
ALTER TABLE `timeslot`
  MODIFY `id` int(11) NOT NULL AUTO_INCREMENT, AUTO_INCREMENT=271;
--
-- Contraintes pour les tables exportées
--

--
-- Contraintes pour la table `appliance`
--
ALTER TABLE `appliance`
  ADD CONSTRAINT `appliance_ibfk_1` FOREIGN KEY (`habitat_id`) REFERENCES `habitat` (`id`) ON DELETE CASCADE;

--
-- Contraintes pour la table `booking`
--
ALTER TABLE `booking`
  ADD CONSTRAINT `booking_ibfk_1` FOREIGN KEY (`user_id`) REFERENCES `resident` (`id`) ON DELETE CASCADE,
  ADD CONSTRAINT `booking_ibfk_2` FOREIGN KEY (`appliance_id`) REFERENCES `appliance` (`id`) ON DELETE CASCADE,
  ADD CONSTRAINT `booking_ibfk_3` FOREIGN KEY (`timeslot_id`) REFERENCES `timeslot` (`id`) ON DELETE CASCADE;

--
-- Contraintes pour la table `habitat`
--
ALTER TABLE `habitat`
  ADD CONSTRAINT `habitat_ibfk_1` FOREIGN KEY (`user_id`) REFERENCES `resident` (`id`) ON DELETE CASCADE;

/*!40101 SET CHARACTER_SET_CLIENT=@OLD_CHARACTER_SET_CLIENT */;
/*!40101 SET CHARACTER_SET_RESULTS=@OLD_CHARACTER_SET_RESULTS */;
/*!40101 SET COLLATION_CONNECTION=@OLD_COLLATION_CONNECTION */;
